item_nr,word,pseudoword,word_ZipfSUBTLEX,word_fpmwSUBTLEX,word_len,pseudoword_statistics_overlap_ratio,pseudoword_statistics_plain_length,pseudoword_statistics_lexicality,pseudoword_statistics_ned1,pseudoword_statistics_old20,pseudoword_statistics_overlap,pseudoword_statistics_transition_frequencies_0,pseudoword_statistics_transition_frequencies_1,pseudoword_statistics_transition_frequencies_2,pseudoword_statistics_transition_frequencies_3,pseudoword_statistics_transition_frequencies_4,pseudoword_statistics_transition_frequencies_5,pseudoword_statistics_transition_frequencies_6,pseudoword_difference_statistics_plain_length,pseudoword_difference_statistics_ned1,pseudoword_difference_statistics_old20,pseudoword_difference_statistics_transition_frequencies_0,pseudoword_difference_statistics_transition_frequencies_1,pseudoword_difference_statistics_transition_frequencies_2,pseudoword_difference_statistics_transition_frequencies_3,pseudoword_difference_statistics_transition_frequencies_4,pseudoword_difference_statistics_transition_frequencies_5,pseudoword_difference_statistics_transition_frequencies_6
1,Haie,Bage,3.67,4.677351412871981,4,2/3,2,N,22,1,4,791,195,139,6,492,5346,8061,0,8,-0.19999999999999996,57,17,60,-9,0,0,0
2,Mannes,sanzes,4.54,34.673685045253166,6,2/3,4,N,2,1.9,4,807,145,1318,209,1082,1415,1998,0,-4,0.2999999999999998,63,-36,0,-94,-54,0,0
3,korrekt,Torrerk,4.28,19.054607179632484,7,2/3,5,N,0,2.95,4,702,109,754,293,912,39,52,0,-1,1.0500000000000005,1,-13,0,0,0,19,-13
4,sagt,segt,5.71,512.8613839913648,4,2/3,2,N,12,1.4,2,138,17,5,65,0,-8,0.45,0,-14,-8,0,NA,NA,NA,NA,NA,NA
5,sicheren,tobreren,4.18,15.135612484362072,8,2/3,6,N,0,2.7,6,1178,331,1850,323,249,10725,5947,5896,18662,19387,0,-9,1.2500000000000002,-221,85,266,"-179,-183,0,0,0,0,0"
